[Header],,,,,,,,,
IEMFileVersion,4,,,,,,,,
Investigator Name,Meru Sadhu,,,,,,,,
Project Name,MS TruSeq,,,,,,,,
Experiment Name,MS TruSeq,,,,,,,,
Date,8/06/16,,,,,,,,
Workflow,GenerateFASTQ,,,,,,,,
Application,FASTQ Only,,,,,,,,
Assay,TruSeq,,,,,,,,
Description,D1,,,,,,,,
Chemistry,Amplicon,,,,,,,,
,,,,,,,,,
[Reads],,,,,,,,,
151,,,,,,,,,
151,,,,,,,,,
[Settings],,,,,,,,,
Adapter,AGATCGGAAGAGCACACGTCTGAACTCCAGTCA,,,,,,,,
,,,,,,,,,
[Data],,,,,,,,,
Sample_ID,Sample_Name,Sample_Plate,Sample_Well,I7_Index_ID,index,I5_Index_ID,index2,Sample_Project,Description
1,106-295:131-296_hr_0,D1,1,D701,attactcg,D501,TATAGCCT,,
2,131-295:106-296_hr_0,D1,2,D702,tctccgga,D501,TATAGCCT,,
3,106-295:131-296_hr_24,D1,3,D703,aatgagcg,D501,TATAGCCT,,
4,131-295:106-296_hr_24,D1,4,D704,ggaatctc,D501,TATAGCCT,,
5,106-295:131-296_hr_48,D1,5,D705,ttctgaat,D501,TATAGCCT,,
6,131-295:106-296_hr_48,D1,6,D706,acgaattc,D501,TATAGCCT,,
7,106-295:131-296_hr_72,D1,7,D707,agcttcag,D501,TATAGCCT,,
8,131-295:106-296_hr_72,D1,8,D708,gcgcatta,D501,TATAGCCT,,
9,106-295:131-296_hr_72-plate,D1,9,D709,catagccg,D501,TATAGCCT,,
10,131-295:106-296_hr_72-plate,D1,10,D710,ttcgcgga,D501,TATAGCCT,,
11,106-295:131-296_hr_96,D1,11,D711,gcgcgaga,D501,TATAGCCT,,
12,131-295:106-296_hr_96,D1,12,D712,ctatcgct,D501,TATAGCCT,,
