chr	start	end	Index	guide	REFCODON	which.neighbor	rc	neighbor.class	neighbor.offset	introns
chrII	81275	81277	2997	CACACTTCTTTCTCAATTTT	TGG	6	TRUE	ORF	1	0
chrII	425681	425683	15997	TGATACCATCTTCTTTACAT	TGG	6	TRUE	ORF	1	0
chrII	425576	425578	15993	CCATACCTAACGTAACAGGA	TGG	6	TRUE	ORF	1	0
chrIV	560522	560524	21922	CGTTAGAAAACACATTCAAG	TGG	6	TRUE	ORF	1	0
chrIV	560429	560431	21917	CATGCAAATGCTGCTGCTGT	TGG	6	TRUE	ORF	1	0
chrIV	1295202	1295204	107386	CTAATTTGACATTATTTAGC	TGG	5	TRUE	ORF	1	0
chrIV	1392495	1392497	111202	TTACGTTTTCATCTTCATAC	TGG	5	TRUE	ORF	1	0
chrIV	1491336	1491338	115338	GAACTTTAATATTTTCATTA	TGG	5	TRUE	ORF	1	0
chrV	462635	462637	40920	GCAGCACAATCAACACTTTC	TGG	5	TRUE	ORF	1	0
chrV	462785	462787	40923	CGCTTAAAAGCATTCTGCCA	TGG	5	TRUE	ORF	1	0
chrV	465422	465424	41057	TTTTTATGTCCTCTTCACTC	TGG	5	TRUE	ORF	1	0
chrVI	227994	227996	9030	CGTCGCCTTGCAGTAGCGTC	TGG	6	TRUE	ORF	1	0
chrVI	227910	227912	9028	CTAACTCTTGGATTATCGCT	TGG	6	TRUE	ORF	1	0
chrVII	277814	277816	52631	GCAACAAAGTGTCAATGATT	TGG	5	TRUE	ORF	1	0
chrVII	720945	720947	69794	CTGTTCTGTTCCTATTTTCA	TGG	4	TRUE	ORF	1	0
chrVIII	234976	234978	31394	ACCTATCCAATTCTCGCATT	TGG	5	TRUE	ORF	1	0
chrIX	83325	83327	21053	CCGCTCTTTCTTCTGTAACC	TGG	5	TRUE	ORF	1	0
chrX	386432	386434	14914	ACGGATCCGCATCTATTAAT	TGG	6	TRUE	ORF	1	1
chrX	466867	466869	17943	GGCATCTTACACGCACTGGA	TGG	6	TRUE	ORF	1	0
chrXII	877036	877038	34288	CGATCCCGTACAGCGGAATC	TGG	6	TRUE	ORF	1	0
chrXIII	214233	214235	44566	ACACGTCGCTAAAGATGGTA	TGG	5	TRUE	ORF	1	0
chrXIII	214272	214274	44570	AAAACAACCTCGTAACTAAA	TGG	5	TRUE	ORF	1	0
chrXIII	214311	214313	44571	GCAGTGAAATCACCACAGTT	TGG	5	TRUE	ORF	1	0
chrXIV	349599	349601	13696	CTCGTTTGTCCTTTTCCACT	TGG	6	TRUE	ORF	1	0
chrXIV	634480	634482	25031	CCTCCGGCTCGCCCTCACCT	TGG	6	TRUE	ORF	1	0
chrXV	70393	70395	44722	TGGTTTCCACTGGCGCACTT	TGG	5	TRUE	ORF	1	0
chrXV	467462	467464	17874	CACGTAAACTAAAACGCAGC	TGG	6	TRUE	ORF	1	0
chrXVI	470319	470321	54589	CGTCCTCATCTTCATTGTTC	TGG	5	TRUE	ORF	1	0
chrXVI	73667	73669	2803	CACAGACTTCGTACGTCTTC	TGG	6	TRUE	ORF	1	0
chrXVI	802373	802375	67276	ATCTTTTCCTCTTTTTCTGT	TGG	5	TRUE	ORF	1	0
chrI	72692	72694	12159	TGGTCTTGGGTTGTAAGTCA	GGA	5	TRUE	ORF	2	0
chrI	175070	175072	7323	CTGCTTCAAGTGGTATTGCA	GGA	6	TRUE	ORF	2	0
chrV	85718	85720	26742	TTGCATTGGGTAGGTGGCGG	GGA	4	TRUE	ORF	2	0
chrIV	1266733	1266735	48439	CCTTGGTAAACATCAAATCC	TGG	6	TRUE	ORF	0	1
chrXII	766012	766014	29878	TGGAGGTCTCGATGTCCTTG	GGA	6	TRUE	ORF	1	2
