ScENSP	HsENSP52	HsENSP74	HsORFeomeID	HsEntrez	Tet-down CompStatus	Tet-down ToxStatus	TS CompStatus	TS ToxStatus	MM CompStatus	MM ToxStatus	Tetrad CompStatus	Assay CompStatus	Lit CompStatus	Literature PMID	Final CompStatus	Final ToxStatus	BayesNet Test Set
YAL003W	ENSP00000376056	ENSP00000236957	11046@E12	1933	Complement	NA	NA	Toxic	Complement	NA	NA	Complement	NA	NA	Complement	Toxic	
YBR110W	ENSP00000262374	ENSP00000262374	11012@B03	56052	NA	NA	Complement	NA	Complement	NA	Complement	Complement	Complement	14709599, 14973778, 10704531	Complement	NA	
YBR154C	ENSP00000215587	ENSP00000464739	11075@F10	5434	NA	NA	Complement	NA	Non complement	NA	NA	Complement	Non complement	8524256	Complement	NA	
YBR155W	ENSP00000360329	ENSP00000360329	11009@D06	7268	Complement	NA	Complement	NA	Non complement	NA	NA	Complement	NA	NA	Complement	NA	
YBR243C	ENSP00000346142	ENSP00000386597	11035@H06	1798	Complement	NA	NA	NA	Complement	NA	Complement	Complement	NA	NA	Complement	NA	
YBR247C	ENSP00000230340	ENSP00000230340	11054@F11	705	NA	NA	Complement	NA	NA	NA	NA	Complement	NA	NA	Complement	NA	
YBR252W	ENSP00000370376	ENSP00000370376	11033@A10	1854	NA	NA	NA	NA	Complement	NA	Complement	Complement	NA	NA	Complement	NA	
YBR254C	ENSP00000352708	ENSP00000392495	11042@D09	10597	Complement	NA	NA	NA	Complement	NA	NA	Complement	Complement	14597397	Complement	NA	
YBR257W	ENSP00000221770	ENSP00000465213	11046@C10	10775	Complement	NA	NA	NA	Non complement	NA	NA	Complement	NA	NA	Complement	NA	
YBR265W	ENSP00000385083	ENSP00000385083	11055@E03	2531	NA	NA	Complement	NA	Complement	NA	NA	Complement	Complement	15328338	Complement	NA	
YCL059C	ENSP00000229214	ENSP00000229214	11059@C06	11103	NA	NA	Complement	NA	Non complement	NA	NA	Complement	NA	NA	Complement	NA	
YDL007W	ENSP00000261303	ENSP00000261303	11011@D03	5700	NA	Toxic	Complement	NA	Non complement	NA	Non complement	Complement	NA	NA	Complement	Toxic	
YDL064W	ENSP00000384361	ENSP00000384361	11073@A12	7329	NA	NA	Complement	NA	Complement	NA	NA	Complement	Complement	8668125	Complement	NA	
YDL126C	ENSP00000351777	ENSP00000351777	51022@G10	7415	Non complement	NA	Complement	NA	NA	NA	NA	Complement	NA	NA	Complement	NA	
YDL141W	ENSP00000338387	ENSP00000338387	31007@A05	3141	NA	NA	NA	NA	Complement	NA	NA	Complement	NA	NA	Complement	NA	
YDL147W	ENSP00000348442	ENSP00000348442	11022@F09	5718	Non complement	NA	Complement	NA	Complement	NA	Complement	Complement	Complement	12559573	Complement	NA	
YDL150W	ENSP00000303088	ENSP00000303088	11060@D05	661	Complement	NA	NA	NA	Non complement	NA	NA	Complement	NA	NA	Complement	NA	
YDL164C	ENSP00000263274	ENSP00000263274	51022@F10	3978	NA	NA	Complement	NA	NA	NA	NA	Complement	Complement 	8248134	Complement	NA	
YDL166C	ENSP00000370201	ENSP00000370193	11043@G11	6880	Complement	NA	NA	NA	Complement	NA	NA	Complement	NA	NA	Complement	NA	
YDL205C	ENSP00000278715	ENSP00000278715	11008@F02	3145	NA	NA	NA	NA	Complement	NA	Complement	Complement	NA	NA	Complement	NA	
YDL208W	ENSP00000274606	ENSP00000274606	11027@F02	55651	Non complement	NA	NA	NA	Complement	NA	Complement	Complement	Complement	11074001	Complement	NA	
YDL217C	ENSP00000320236	ENSP00000320236	11019@A12	29928	NA	NA	Complement	NA	NA	NA	NA	Complement	NA	NA	Complement	NA	
YDR021W	ENSP00000269349	ENSP00000269349	11010@C11	9775	NA	NA	Complement	NA	Complement	NA	Complement	Complement	NA	NA	Complement	NA	
YDR023W	ENSP00000358939	ENSP00000358939	11038@B10	6301	Non complement	NA	NA	NA	Complement	NA	Complement	Complement	NA	NA	Complement	NA	
YDR037W	ENSP00000325448	ENSP00000325448	11023@E05	3735	NA	NA	NA	NA	Complement	NA	Complement	Complement	NA	NA	Complement	NA	
YDR044W	ENSP00000264193	ENSP00000264193	71011@F11	1371	NA	NA	NA	NA	Complement	NA	NA	Complement	NA	NA	Complement	NA	
YDR045C	ENSP00000293860	ENSP00000293860	11082@F06	51728	Complement	NA	NA	NA	Non complement	NA	NA	Complement	Complement	9869639	Complement	NA	
YDR050C	ENSP00000229270	ENSP00000229270	11020@G05	7167	Complement	NA	Non complement	NA	Complement	NA	Complement	Complement	NA	NA	Complement	NA	
YDR060W	ENSP00000234170	ENSP00000234170	11074@E03	1649	Non complement	NA	Complement	Toxic	Non complement	NA	NA	Complement	NA	NA	Complement	Toxic	
YDR064W	ENSP00000228140	ENSP00000435777	11073@G09	6207	NA	NA	NA	NA	Complement	NA	NA	Complement	NA	NA	Complement	NA	
YDR086C	ENSP00000378906	ENSP00000378906	11040@C03	23480	NA	NA	NA	NA	Complement	NA	Complement	Complement	NA	NA	Complement	NA	
YDR088C	ENSP00000297151	ENSP00000297151	11088@G06	10569	NA	NA	Complement	NA	NA	Toxic	NA	Complement	NA	NA	Complement	Toxic	
YDR177W	ENSP00000261427	ENSP00000261427	31008@E03	3093	NA	NA	NA	NA	Complement	NA	NA	Complement	NA	NA	Complement	NA	
YDR196C	ENSP00000341504	ENSP00000413483	11046@H03	79877	NA	NA	NA	NA	Complement	NA	NA	Complement	NA	NA	Complement	NA	
YDR236C	ENSP00000257452	ENSP00000365926	11002@H05	55312	NA	NA	NA	NA	Complement	NA	Complement	Complement	NA	NA	Complement	NA	
YDR267C	ENSP00000272402	ENSP00000418287	11056@B08	9391	NA	NA	NA	NA	Complement	NA	NA	Complement	Complement	17937914	Complement	NA	
YDR280W	ENSP00000368984	ENSP00000368984	51028@H11	5393	Complement	NA	NA	NA	Complement	NA	NA	Complement	NA	NA	Complement	NA	
YDR292C	ENSP00000328023	ENSP00000328023	11013@E05	6734	NA	Toxic	Complement	NA	Non complement	NA	NA	Complement	NA	NA	Complement	Toxic	
YDR302W	ENSP00000281382	ENSP00000281382	31019@E04	5281	NA	NA	Complement	NA	Complement	NA	NA	Complement	Complement	10793139	Complement	NA	
YDR373W	ENSP00000361475	ENSP00000470938	11075@E01	23413	NA	NA	Complement	NA	NA	NA	NA	Complement	Complement	14512421	Complement	NA	
YDR394W	ENSP00000157812	ENSP00000157812	11009@D07	5704	NA	NA	Complement	NA	Complement	Toxic	Non complement	Complement	NA	NA	Complement	Toxic	
YDR404C	ENSP00000301788	ENSP00000301788	71003@D11	5436	NA	NA	NA	NA	Complement	NA	NA	Complement	Complement	7579693	Complement	NA	
YDR427W	ENSP00000333811	ENSP00000396937	11034@G11	5719	NA	NA	NA	NA	Complement	NA	Complement	Complement	NA	NA	Complement	NA	
YDR429C	ENSP00000253108	ENSP00000253108	11007@E04	8666	Complement	NA	NA	NA	Complement	NA	Complement	Complement	NA	NA	Complement	NA	
YDR460W	ENSP00000261245	ENSP00000261245	11053@C02	4331	Complement	NA	Complement	NA	NA	NA	NA	Complement	NA	NA	Complement	NA	
YDR510W	ENSP00000387204	ENSP00000405965	11040@G11	7341	NA	NA	Complement	NA	Complement	NA	NA	Complement	Complement	10364461	Complement	NA	
YEL002C	ENSP00000364188	ENSP00000364188	11037@C02	1650	Complement	NA	NA	NA	Non complement	NA	NA	Complement	NA	NA	Complement	NA	
YEL026W	ENSP00000383989	ENSP00000383989	11041@H02	4809	NA	NA	NA	NA	Complement	NA	NA	Complement	NA	NA	Complement	NA	
YEL058W	ENSP00000283977	ENSP00000425809	11068@G06	5238	NA	NA	NA	NA	Complement	NA	NA	Complement	NA	NA	Complement	NA	
YER012W	ENSP00000362337	ENSP00000362334	11029@A11	5690	Complement	NA	Non complement	Toxic	Complement	Toxic	Complement	Complement	NA	NA	Complement	Toxic	
YER036C	ENSP00000222388	ENSP00000222388	11023@F08	10061	NA	NA	NA	NA	Complement	NA	Non complement	Complement	NA	NA	Complement	NA	
YER094C	ENSP00000225426	ENSP00000225426	11019@D09	5691	NA	NA	NA	NA	Complement	NA	Complement	Complement	NA	NA	Complement	NA	
YER112W	ENSP00000252816	ENSP00000469468	11083@G02	25804	NA	NA	NA	NA	Complement	NA	NA	Complement	NA	NA	Complement	NA	
YER146W	ENSP00000223084	ENSP00000410758	11015@H03	23658	Complement	NA	NA	NA	Complement	NA	Complement	Complement	NA	NA	Complement	NA	
YER168C	ENSP00000251607	ENSP00000251607	11035@G08	51095	NA	NA	Complement	Toxic	Complement	NA	Complement	Complement	NA	NA	Complement	Toxic	
YER171W	ENSP00000375809	ENSP00000375809	11010@B03	2068	Non complement	NA	Complement	NA	NA	NA	NA	Complement	Complement	7629061, 8413672	Complement	NA	
YFL017C	ENSP00000216410	ENSP00000216410	11018@G05	64841	NA	NA	Complement	NA	Complement	NA	Complement	Complement	NA	NA	Complement	NA	
YFR004W	ENSP00000386541	ENSP00000386541	11082@F03	10213	Non complement	NA	Complement	NA	Complement	NA	NA	Complement	NA	NA	Complement	NA	
YGL001C	ENSP00000359297	ENSP00000359297	11034@G01	50814	Complement	NA	Complement	NA	Complement	NA	Complement	Complement	NA	NA	Complement	NA	
YGL011C	ENSP00000261479	ENSP00000452603	11047@E11	5687	NA	NA	NA	NA	Complement	NA	NA	Complement	NA	NA	Complement	NA	
YGL018C	ENSP00000216027	ENSP00000216027	11020@C11	150274	NA	NA	NA	NA	Complement	NA	Complement	Complement	NA	NA	Complement	NA	
YGL030W	ENSP00000379382	ENSP00000428085	11088@C01	6156	NA	NA	NA	NA	Complement	NA	NA	Complement	NA	NA	Complement	NA	
YGL048C	ENSP00000310572	ENSP00000310572	11060@H05	5705	Complement	NA	Complement	NA	Complement	NA	NA	Complement	Complement	7870181	Complement	NA	
YGL068W	ENSP00000333837	ENSP00000333837	11019@B09	6182	Non complement	NA	NA	NA	Complement	NA	Non complement	Complement	NA	NA	Complement	NA	
YGL103W	ENSP00000346015	ENSP00000346015	11042@H01	6157	NA	NA	NA	NA	Complement	NA	NA	Complement	NA	NA	Complement	NA	
YGL120C	ENSP00000336741	ENSP00000336741	31017@C06	1665	Non complement	NA	Complement	NA	NA	NA	NA	Complement	NA	NA	Complement	NA	
YGR024C	ENSP00000231198	ENSP00000231198	11049@E06	54974	NA	NA	NA	NA	Complement	NA	NA	Complement	NA	NA	Complement	NA	
YGR048W	ENSP00000382441	ENSP00000263202	11053@A12	7353	NA	NA	NA	NA	Complement	NA	NA	Complement	NA	NA	Complement	NA	
YGR060W	ENSP00000261507	ENSP00000261507	11051@C06	6307	Complement	NA	NA	NA	Non complement	NA	NA	Complement	NA	NA	Complement	NA	
YGR074W	ENSP00000300413	ENSP00000300413	11026@E03	6632	NA	Toxic	NA	NA	Complement	NA	Complement	Complement	Complement	8346029	Complement	Toxic	
YGR090W	ENSP00000297990	ENSP00000297990	11075@G05	65083	NA	NA	NA	NA	Complement	NA	NA	Complement	NA	NA	Complement	NA	
YGR172C	ENSP00000367224	ENSP00000274496	11030@F09	81555	NA	NA	Complement	NA	Complement	NA	Complement	Complement	NA	NA	Complement	NA	
YGR175C	ENSP00000265896	ENSP00000265896	11069@G03	6713	Non complement	Toxic	NA	NA	Complement	NA	NA	Complement	NA	NA	Complement	Toxic	
YGR185C	ENSP00000362576	ENSP00000362576	11089@H02	8565	NA	NA	Complement	NA	Complement	NA	NA	Complement	NA	NA	Complement	NA	
YGR195W	ENSP00000315476	ENSP00000457865	11047@E06	54512	Complement	NA	NA	NA	Non complement	NA	NA	Complement	NA	NA	Complement	NA	
YGR211W	ENSP00000227322	ENSP00000227322	11064@B10	8882	Complement	NA	NA	NA	NA	NA	NA	Complement	NA	NA	Complement	NA	
YGR253C	ENSP00000271308	ENSP00000271308	51018@C05	5686	NA	NA	NA	NA	Complement	NA	NA	Complement	NA	NA	Complement	NA	
YGR280C	ENSP00000318966	ENSP00000318966	11055@B06	54984	Complement	NA	NA	NA	Complement	NA	NA	Complement	Complement	12107183	Complement	NA	
YHR007C	ENSP00000003100	ENSP00000003100	11067@D11	1595	NA	NA	Complement	NA	Complement	NA	NA	Complement	NA	NA	Complement	NA	
YHR068W	ENSP00000210060	ENSP00000210060	11034@F02	1725	NA	NA	NA	NA	Complement	NA	Complement	Complement	NA	NA	Complement	NA	
YHR070W	ENSP00000261249	ENSP00000261249	71023@A09	57570	NA	NA	NA	NA	Complement	NA	NA	Complement	NA	NA	Complement	NA	
YHR072W	ENSP00000348762	ENSP00000348762	11024@D04	4047	Complement	NA	NA	NA	Complement	NA	Complement	Complement	Complement	11074001	Complement	NA	
YHR088W	ENSP00000359688	ENSP00000359688	11033@G06	80135	NA	NA	Complement	Toxic	Non complement	NA	NA	Complement	NA	NA	Complement	Toxic	
YHR164C	ENSP00000382133	ENSP00000382133	51011@D03	1763	NA	NA	Complement	NA	Non complement	NA	NA	Complement	Complement	15282207	Complement	NA	
YHR170W	ENSP00000307525	ENSP00000417559	11067@B05	51068	Non complement	NA	Non complement	NA	Complement	NA	NA	Complement	Complement	12773398	Complement	NA	
YIL075C	ENSP00000309474	ENSP00000309474	51009@C04	5707	NA	NA	NA	NA	Complement	NA	NA	Complement	Complement	8816993	Complement	NA	
YIL083C	ENSP00000361642	ENSP00000361642	71009@G03	79717	NA	NA	NA	NA	Complement	NA	NA	Complement	NA	NA	Complement	NA	
YIL104C	ENSP00000315182	ENSP00000315182	31024@C11	55164	NA	NA	NA	NA	Complement	NA	NA	Complement	NA	NA	Complement	NA	
YJL002C	ENSP00000296255	ENSP00000296255	11077@H06	6184	Non complement	NA	Complement	NA	Non complement	NA	NA	Complement	NA	NA	Complement	NA	
YJL050W	ENSP00000230640	ENSP00000230640	71028@G08	23517	NA	NA	Complement	NA	Non complement	NA	NA	Complement	NA	NA	Complement	NA	
YJL104W	ENSP00000315693	ENSP00000459955	11041@G03	51025	NA	NA	NA	NA	Complement	NA	NA	Complement	NA	NA	Complement	NA	
YJR006W	ENSP00000223361	ENSP00000386105	11037@D12	5425	NA	NA	Non complement	NA	Complement	NA	Complement	Complement	NA	NA	Complement	NA	
YJR017C	ENSP00000247970	ENSP00000247970	11074@G01	5300	NA	NA	Complement	NA	Complement	NA	NA	Complement	Complement	11118437	Complement	NA	
YJR123W	ENSP00000196551	ENSP00000471388	11045@E04	6193	Complement	NA	NA	NA	NA	Toxic	NA	Complement	NA	NA	Complement	Toxic	
YKL024C	ENSP00000360939	ENSP00000360939	11020@B06	51727	NA	NA	Complement	NA	NA	NA	NA	Complement	NA	NA	Complement	NA	
YKL035W	ENSP00000338703	ENSP00000411803	11076@E04	7360	Complement	NA	NA	NA	Complement	NA	NA	Complement	NA	NA	Complement	NA	
YKL145W	ENSP00000292644	ENSP00000391211	11036@F09	5701	NA	NA	Complement	NA	Complement	NA	Complement	Complement	NA	NA	Complement	NA	
YKL193C	ENSP00000385657	ENSP00000385657	11057@G04	5510	NA	NA	NA	NA	Complement	NA	NA	Complement	NA	NA	Complement	NA	
YKR038C	ENSP00000206542	ENSP00000206542	11055@G02	55644	NA	NA	NA	NA	Complement	NA	NA	Complement	NA	NA	Complement	NA	
YKR071C	ENSP00000349266	ENSP00000377914	11007@C09	57019	NA	NA	NA	NA	Complement	NA	Complement	Complement	NA	NA	Complement	NA	
YKR079C	ENSP00000337445	ENSP00000337445	11080@G03	60528	NA	Toxic	NA	NA	Complement	NA	NA	Complement	Non complement	15892892	Complement	Toxic	
YKR081C	ENSP00000357857	ENSP00000402338	11031@G07	84154	NA	NA	NA	NA	Complement	NA	Complement	Complement	NA	NA	Complement	NA	
YLL031C	ENSP00000339382	ENSP00000367880	11037@B09	84720	NA	NA	Complement	Toxic	Non complement	NA	Non complement	Complement	NA	NA	Complement	Toxic	
YLR022C	ENSP00000246868	ENSP00000246868	31029@C06	51119	NA	NA	Complement	NA	Non complement	NA	NA	Complement	Non complement	16529906	Complement	NA	
YLR026C	ENSP00000294179	ENSP00000294179	11049@D05	6811	Complement	NA	Complement	NA	Complement	NA	NA	Complement	NA	NA	Complement	NA	
YLR088W	ENSP00000347206	ENSP00000347206	11013@D07	8733	NA	NA	Complement	NA	Non complement	NA	Non complement	Complement	NA	NA	Complement	NA	
YLR167W	ENSP00000383981	ENSP00000383981	11027@F11	6233	NA	NA	NA	NA	Complement	NA	Complement	Complement	NA	NA	Complement	NA	
YLR186W	ENSP00000261406	ENSP00000476966	31019@G09	10436	Non complement	Toxic	Complement	NA	Complement	NA	NA	Complement	Complement	11935223	Complement	Toxic	
YLR208W	ENSP00000373312	ENSP00000373312	11054@D10	6396	Complement	NA	NA	NA	Non complement	NA	NA	Complement	NA	NA	Complement	NA	
YLR215C	ENSP00000281141	ENSP00000281141	71010@A11	8872	NA	NA	Complement	NA	Complement	NA	NA	Complement	Complement	15319434	Complement	NA	
YLR229C	ENSP00000337669	ENSP00000304283	11044@F11	998	Complement	NA	NA	NA	Complement	NA	NA	Complement	Complement	2122236	Complement	NA	
YLR259C	ENSP00000340019	ENSP00000373620	11077@A04	3329	NA	NA	NA	NA	Complement	NA	NA	Complement	NA	NA	Complement	NA	
YLR275W	ENSP00000342374	ENSP00000342374	11016@G07	6633	NA	NA	NA	NA	Complement	NA	Complement	Complement	NA	NA	Complement	NA	
YLR291C	ENSP00000266126	ENSP00000266126	11057@B10	8892	Complement	Toxic	NA	NA	Non complement	NA	Non complement	Complement	NA	NA	Complement	Toxic	
YLR340W	ENSP00000339027	ENSP00000376299	11007@D08	6175	NA	NA	NA	NA	Complement	NA	Complement	Complement	NA	NA	Complement	NA	
YLR359W	ENSP00000216194	ENSP00000390107	11037@F09	158	NA	NA	NA	NA	Complement	NA	Complement	Complement	NA	NA	Complement	NA	
YML069W	ENSP00000278412	ENSP00000278412	11071@H02	6749	NA	NA	Complement	NA	Complement	NA	NA	Complement	NA	NA	Complement	NA	
YML077W	ENSP00000302783	ENSP00000302783	11032@C01	58485	NA	NA	NA	NA	Complement	NA	Complement	Complement	Complement	10582700	Complement	NA	
YMR013C	ENSP00000361667	ENSP00000361667	11068@F01	22845	NA	NA	Complement	NA	Complement	NA	NA	Complement	Complement	14652022	Complement	NA	
YMR093W	ENSP00000296792	ENSP00000421669	11050@F09	84135	Complement	NA	NA	NA	Non complement	NA	NA	Complement	NA	NA	Complement	NA	
YMR208W	ENSP00000376487	ENSP00000228510	11009@G07	4598	Complement	NA	NA	NA	Complement	NA	Complement	Complement	NA	NA	Complement	NA	
YMR235C	ENSP00000385866	ENSP00000385866	11070@A07	5905	Non complement	NA	Complement	NA	Complement	NA	NA	Complement	NA	NA	Complement	NA	
YMR281W	ENSP00000225609	ENSP00000225609	31034@H05	9487	NA	NA	NA	NA	Complement	NA	NA	Complement	NA	NA	Complement	NA	
YMR296C	ENSP00000262554	ENSP00000262554	11002@D12	10558	Non complement	NA	Complement	NA	Non complement	Toxic	NA	Complement	NA	NA	Complement	Toxic	
YMR314W	ENSP00000315309	ENSP00000414359	11021@B06	5682	Complement	NA	NA	NA	Complement	NA	Complement	Complement	NA	NA	Complement	NA	
YNL006W	ENSP00000301724	ENSP00000301724	11054@H08	64223	NA	NA	Complement	NA	Non complement	NA	NA	Complement	NA	NA	Complement	NA	
YNL061W	ENSP00000313272	ENSP00000371858	51026@F05	4839	Non complement	NA	Complement	NA	NA	NA	NA	Complement	NA	NA	Complement	NA	
YNL118C	ENSP00000373715	ENSP00000373715	31013@C11	167227	Non complement	NA	Complement	NA	Non complement	NA	NA	Complement	NA	NA	Complement	NA	
YNL124W	ENSP00000274054	ENSP00000274054	31045@H01	92345	Non complement	NA	NA	NA	Complement	NA	NA	Complement	NA	NA	Complement	NA	
YNL132W	ENSP00000257829	ENSP00000257829	11079@D08	55226	Complement	NA	NA	NA	Non complement	NA	NA	Complement	NA	NA	Complement	NA	
YNL247W	ENSP00000369897	ENSP00000369897	11024@D09	833	Non complement	NA	NA	NA	Complement	NA	Complement	Complement	NA	NA	Complement	NA	
YNL267W	ENSP00000271657	ENSP00000357869	11072@H06	5298	Non complement	NA	Complement	NA	Non complement	NA	NA	Complement	NA	NA	Complement	NA	
YNL287W	ENSP00000325002	ENSP00000462407	71027@E05	22820	NA	NA	Complement	NA	Complement	NA	NA	Complement	NA	NA	Complement	NA	
YNL290W	ENSP00000229043	ENSP00000408295	11056@C04	5985	NA	NA	NA	NA	Complement	NA	NA	Complement	NA	NA	Complement	NA	
YNR003C	ENSP00000366828	ENSP00000366828	11032@B05	10621	NA	NA	Complement	NA	Non complement	NA	NA	Complement	NA	NA	Complement	NA	
YNR043W	ENSP00000301012	ENSP00000301012	NA	4597	NA	NA	NA	NA	Complement	NA	NA	Complement	NA	NA	Complement	NA	
YNR046W	ENSP00000309433	ENSP00000438349	11017@A05	51504	NA	NA	NA	NA	Complement	NA	Non complement	Complement	NA	NA	Complement	NA	
YNR053C	ENSP00000362153	ENSP00000362153	11014@D06	29889	Non complement	Toxic	Complement	Toxic	Non complement	NA	Non complement	Complement	NA	NA	Complement	Toxic	
YOL069W	ENSP00000271452	ENSP00000356875	11064@E07	83540	Complement	NA	Non complement	NA	Non complement	NA	NA	Complement	NA	NA	Complement	NA	
YOL097C	ENSP00000347495	ENSP00000376620	11065@A05	7453	Complement	NA	NA	NA	Complement	NA	NA	Complement	Complement	12423761	Complement	NA	
YOL133W	ENSP00000216225	ENSP00000216225	11026@C04	9978	NA	NA	NA	NA	Complement	NA	Complement	Complement	NA	NA	Complement	NA	
YOR074C	ENSP00000315644	ENSP00000315644	11031@F01	494514	NA	NA	Complement	NA	NA	NA	NA	Complement	NA	NA	Complement	NA	
YOR095C	ENSP00000283646	ENSP00000283646	11005@A03	22934	NA	NA	NA	NA	Complement	NA	Complement	Complement	NA	NA	Complement	NA	
YOR117W	ENSP00000298852	ENSP00000298852	51014@H05	5702	NA	NA	NA	NA	Complement	NA	NA	Complement	Complement	7754704	Complement	NA	
YOR122C	ENSP00000322170	ENSP00000322170	11082@B11	375189	NA	NA	Complement	NA	Non complement	NA	NA	Complement	Complement	10231360	Complement	NA	
YOR143C	ENSP00000353165	ENSP00000353165	31029@F05	27010	NA	NA	NA	NA	Complement	NA	NA	Complement	NA	NA	Complement	NA	
YOR149C	ENSP00000238138	ENSP00000413405	31024@F11	80235	NA	NA	NA	NA	Complement	NA	NA	Complement	Complement	15208306	Complement	NA	
YOR159C	ENSP00000356177	ENSP00000400591	11073@D03	6635	NA	NA	NA	NA	Complement	NA	NA	Complement	Complement	DOI: 10.2225/vol10-issue2-fulltext-14	Complement	NA	
YOR168W	ENSP00000307567	ENSP00000307567	11072@E08	5859	Complement	NA	NA	NA	Complement	NA	NA	Complement	NA	NA	Complement	NA	
YOR176W	ENSP00000372326	ENSP00000372326	71015@H05	2235	NA	NA	NA	NA	Complement	NA	NA	Complement	NA	NA	Complement	NA	
YOR210W	ENSP00000324124	ENSP00000324124	11040@B12	5441	Complement	NA	NA	NA	Complement	NA	Complement	Complement	Complement	7651387	Complement	NA	
YOR244W	ENSP00000340330	ENSP00000340330	51013@A05	10524	NA	NA	NA	NA	Complement	NA	NA	Complement	NA	NA	Complement	NA	
YOR259C	ENSP00000216407	ENSP00000401802	11009@E01	5706	Complement	NA	Complement	NA	Complement	Toxic	Complement	Complement	NA	NA	Complement	Toxic	
YOR261C	ENSP00000219313	ENSP00000219313	11054@F05	5713	Complement	NA	NA	NA	Complement	NA	NA	Complement	NA	NA	Complement	NA	
YOR341W	ENSP00000263857	ENSP00000263857	51008@H10	25885	Non complement	NA	Complement	NA	NA	NA	NA	Complement	NA	NA	Complement	NA	
YOR362C	ENSP00000216455	ENSP00000216455	11020@G02	5684	NA	NA	NA	NA	Complement	NA	Non complement	Complement	NA	NA	Complement	NA	
YPL028W	ENSP00000265838	ENSP00000265838	11043@D04	38	Complement	NA	Non complement	NA	Non complement	NA	NA	Complement	NA	NA	Complement	NA	
YPL043W	ENSP00000223073	ENSP00000223073	11078@E05	55131	NA	NA	Complement	NA	Complement	NA	NA	Complement	NA	NA	Complement	NA	
YPL093W	ENSP00000353168	ENSP00000354040	31003@E05	23560	Non complement	NA	Complement	Toxic	Non complement	NA	NA	Complement	NA	NA	Complement	Toxic	
YPL131W	ENSP00000359345	ENSP00000359345	11016@C06	6125	NA	NA	NA	NA	Complement	NA	Non complement	Complement	NA	NA	Complement	NA	
YPL160W	ENSP00000377954	ENSP00000377954	71029@B04	51520	NA	NA	Complement	NA	Non complement	NA	NA	Complement	NA	NA	Complement	NA	
YPL211W	ENSP00000254940	ENSP00000254940	11028@D03	51388	Non complement	NA	Complement	NA	Complement	NA	Complement	Complement	NA	NA	Complement	NA	
YPL252C	ENSP00000377311	ENSP00000377311	31012@B03	112812	Complement	NA	NA	NA	NA	NA	NA	Complement	NA	NA	Complement	NA	
YPL266W	ENSP00000199320	ENSP00000199320	11007@D01	27292	Complement	NA	Complement	Toxic	Non complement	Toxic	NA	Complement	NA	NA	Complement	Toxic	
YPR016C	ENSP00000363574	ENSP00000363559	11030@D01	3692	Complement	NA	NA	NA	NA	NA	NA	Complement	Complement	10085284	Complement	NA	
YPR025C	ENSP00000256897	ENSP00000256897	11054@F01	902	NA	NA	Complement	NA	Non complement	NA	NA	Complement	NA	NA	Complement	NA	
YPR035W	ENSP00000356537	ENSP00000356537	11008@H08	2752	NA	NA	NA	NA	Complement	NA	Complement	Complement	NA	NA	Complement	NA	
YPR041W	ENSP00000216554	ENSP00000216554	11011@A06	1983	NA	NA	Complement	NA	Complement	NA	Complement	Complement	Complement	9150866	Complement	NA	
YPR082C	ENSP00000269601	ENSP00000269601	11027@B08	10907	Non complement	NA	NA	NA	Complement	NA	Complement	Complement	NA	NA	Complement	NA	
YPR108W	ENSP00000295901	ENSP00000418695	11009@E03	9861	NA	NA	Complement	Toxic	Complement	NA	Complement	Complement	NA	NA	Complement	Toxic	
YPR113W	ENSP00000219789	ENSP00000455042	11029@E04	10423	NA	NA	NA	NA	Complement	NA	Complement	Complement	NA	NA	Complement	NA	
YPR176C	ENSP00000317473	ENSP00000317473	31037@A05	5876	NA	NA	Complement	NA	Complement	NA	NA	Complement	NA	NA	Complement	NA	
YPR182W	ENSP00000266735	ENSP00000266735	51001@D05	6636	NA	NA	NA	NA	Complement	NA	NA	Complement	NA	NA	Complement	NA	
YPR183W	ENSP00000360640	ENSP00000360640	11048@F07	8813	Complement	NA	Complement	NA	Complement	NA	NA	Complement	Non complement	9223280	Complement	NA	
YPR187W	ENSP00000385725	ENSP00000385725	11073@F06	5435	NA	NA	NA	NA	Complement	NA	NA	Complement	Complement	7651387	Complement	NA	
YNR038W	ENSP00000380495	ENSP00000380495	11039@E06	317781	Complement	NA	NA	NA	Non complement	NA	NA	Complement	NA	NA	Complement	NA	
YAL035W	ENSP00000289371	ENSP00000289371	11080@H09	9669	NA	NA	NA	NA	NA	Toxic	NA	NA	Complement	10200264	Complement	Toxic	*
YGL040C	ENSP00000363288	ENSP00000386284	NA	210	NA	NA	NA	NA	NA	NA	NA	NA	Complement	2178784	Complement	NA	*
YGR267C	ENSP00000363288	ENSP00000419045	NA	2643	NA	NA	NA	NA	NA	NA	NA	NA	Complement	10049741	Complement	NA	*
YHR069C	ENSP00000361433	ENSP00000361433	NA	23404	NA	NA	NA	NA	NA	NA	NA	NA	Complement	10465791	Complement	NA	*
YHR143W-A	ENSP00000342889	ENSP00000430106	NA	5440	NA	NA	NA	NA	NA	NA	NA	NA	Complement	7651387	Complement	NA	*
YJR007W	ENSP00000256383	ENSP00000256383	NA	1965	NA	NA	NA	NA	NA	NA	NA	NA	Complement	9150866	Complement	NA	*
YOR057W	ENSP00000367208	ENSP00000367208	NA	10910	NA	NA	NA	NA	NA	NA	NA	NA	Complement	10445024	Complement	NA	*
YOR335C	ENSP00000261772	ENSP00000261772	NA	16	NA	NA	NA	NA	NA	NA	NA	NA	Complement	7761427	Complement	NA	*
YDR416W	ENSP00000351137	ENSP00000351137	11079@H02	56949	NA	NA	NA	NA	NA	Toxic	NA	NA	NA	NA	NA	Toxic	
YHL015W	ENSP00000009589	ENSP00000429374	31045@B08	6224	NA	NA	NA	NA	NA	Toxic	NA	NA	NA	NA	NA	Toxic	
YLR243W	ENSP00000228827	ENSP00000442770	11021@E09	51184	NA	Toxic	NA	NA	NA	NA	NA	NA	NA	NA	NA	Toxic	
YML092C	ENSP00000223321	ENSP00000223321	31008@F06	5683	NA	NA	NA	NA	NA	Toxic	NA	NA	NA	NA	NA	Toxic	
YMR301C	ENSP00000253577	ENSP00000253577	11080@A02	22	NA	NA	NA	NA	NA	Toxic	NA	NA	NA	NA	NA	Toxic	
YOR278W	ENSP00000357787	ENSP00000357787	11030@G07	7390	NA	NA	NA	NA	NA	Toxic	NA	NA	NA	NA	NA	Toxic	
YDL097C	ENSP00000261712	ENSP00000261712	NA	5717	NA	NA	NA	NA	NA	NA	NA	NA	Complement	12486135	Complement	NA	*
YHR027C	ENSP00000310129	ENSP00000310129	NA	5708	NA	NA	NA	NA	NA	NA	NA	NA	Complement	8774743	Complement	NA	*
YAL032C	ENSP00000261531	ENSP00000451129	51012@C12	22938	NA	NA	NA	NA	Non complement	NA	NA	Non complement	Complement	15194481	Complement	NA	
YBR002C	ENSP00000353104	ENSP00000353104	11051@E02	79947	Non complement	NA	NA	NA	Non complement	NA	NA	Non complement	Complement	12591616, 14652022	Complement	NA	
YBR004C	ENSP00000078527	ENSP00000078527	11066@E01	55650	NA	NA	NA	NA	Non complement	NA	NA	Non complement	Complement	15720390	Complement	NA	
YDR397C	ENSP00000359295	ENSP00000359295	11074@H06	1810	NA	NA	NA	NA	Non complement	Toxic	NA	Non complement	Complement	10675336, 9023340	Complement	Toxic	
YER009W	ENSP00000219169	ENSP00000219169	11026@G07	10204	NA	NA	NA	NA	Non complement	NA	NA	Non complement	Complement	8702493	Complement	NA	
YGL097W	ENSP00000381934	ENSP00000362937	11061@H11	1104	NA	NA	Non complement	NA	Non complement	NA	NA	Non complement	Complement	1865879	Complement	NA	
YGL142C	ENSP00000164305	ENSP00000164305	71019@G01	9488	NA	NA	NA	NA	Non complement	NA	NA	Non complement	Complement	9576863, 10954751	Complement	NA	
YIL144W	ENSP00000261597	ENSP00000261597	11070@H11	10403	NA	NA	Non complement	NA	Non complement	NA	NA	Non complement	Complement	10409732, 10779342, 12386167	Complement	NA	
YJL011C	ENSP00000378736	ENSP00000378736	31004@H05	27297	NA	NA	NA	NA	Non complement	NA	NA	Non complement	Complement	12482973	Complement	NA	
YKL196C	ENSP00000223369	ENSP00000223369	11075@C05	10652	NA	NA	NA	NA	Non complement	NA	NA	Non complement	Complement	9211930	Complement	NA	
YMR197C	ENSP00000376792	ENSP00000376792	11045@D09	143187	NA	NA	NA	NA	Non complement	NA	NA	Non complement	Complement	9446565	Complement	NA	
YOL021C	ENSP00000366997	ENSP00000366997	71026@C04	22894	NA	NA	Non complement	NA	Non complement	NA	NA	Non complement	Complement	9562621	Complement	NA	
YOR224C	ENSP00000296223	ENSP00000415536	31045@C06	5437	Non complement	NA	NA	NA	NA	Toxic	NA	Non complement	Complement	7651387	Complement	Toxic	
YPL175W	ENSP00000369820	ENSP00000369820	11065@H08	5277	NA	NA	Non complement	NA	Non complement	NA	NA	Non complement	Complement	7768896	Complement	NA	
YAL025C	ENSP00000353246	ENSP00000353246	31009@C01	84549	Non complement	Toxic	NA	NA	NA	Toxic	NA	Non complement	NA	NA	Non complement	Toxic	
YAL033W	ENSP00000350098	ENSP00000350098	11027@H04	51367	NA	NA	NA	NA	Non complement	NA	NA	Non complement	NA	NA	Non complement	NA	
YAR008W	ENSP00000305524	ENSP00000459387	11009@E10	79042	Non complement	NA	NA	NA	Non complement	NA	NA	Non complement	NA	NA	Non complement	NA	
YBL020W	ENSP00000296292	ENSP00000296292	51016@G11	91869	NA	NA	NA	NA	Non complement	NA	NA	Non complement	NA	NA	Non complement	NA	
YBL023C	ENSP00000265056	ENSP00000265056	11025@C03	4171	NA	NA	NA	Toxic	Non complement	Toxic	NA	Non complement	NA	NA	Non complement	Toxic	
YBL035C	ENSP00000265465	ENSP00000265465	11013@E12	23649	NA	NA	Non complement	Toxic	Non complement	NA	NA	Non complement	NA	NA	Non complement	Toxic	
YBL041W	ENSP00000262193	ENSP00000262193	11030@C03	5689	NA	NA	NA	NA	Non complement	NA	NA	Non complement	NA	NA	Non complement	NA	
YBL074C	ENSP00000380455	ENSP00000380455	11035@B09	25980	NA	NA	NA	NA	Non complement	NA	NA	Non complement	NA	NA	Non complement	NA	
YBL076C	ENSP00000364811	ENSP00000364794	NA	3376	NA	NA	Non complement	NA	NA	NA	NA	Non complement	NA	NA	Non complement	NA	
YBL084C	ENSP00000066544	ENSP00000434614	11078@H11	996	Non complement	NA	Non complement	Toxic	Non complement	Toxic	NA	Non complement	NA	NA	Non complement	Toxic	
YBL097W	ENSP00000240423	ENSP00000240423	31017@G05	23397	NA	NA	NA	NA	Non complement	NA	NA	Non complement	NA	NA	Non complement	NA	
YBR055C	ENSP00000266079	ENSP00000266079	71021@C05	24148	NA	NA	Non complement	NA	Non complement	NA	NA	Non complement	NA	NA	Non complement	NA	
YBR060C	ENSP00000234296	ENSP00000234296	11069@G08	4999	NA	NA	Non complement	NA	Non complement	NA	NA	Non complement	NA	NA	Non complement	NA	
YBR070C	ENSP00000359224	ENSP00000359224	11046@A12	199857	NA	NA	NA	NA	Non complement	NA	NA	Non complement	Non complement	16100110	Non complement	NA	
YBR079C	ENSP00000358140	ENSP00000358140	51024@H04	8661	Non complement	NA	Non complement	Toxic	Non complement	NA	NA	Non complement	NA	NA	Non complement	Toxic	
YBR088C	ENSP00000368458	ENSP00000368438	11030@G03	5111	Non complement	NA	NA	NA	Non complement	Toxic	Non complement	Non complement	NA	NA	Non complement	Toxic	
YBR102C	ENSP00000353564	ENSP00000353564	11024@C07	149371	NA	NA	NA	NA	Non complement	NA	NA	Non complement	NA	NA	Non complement	NA	
YBR143C	ENSP00000353741	ENSP00000353741	11010@B01	2107	NA	NA	Non complement	NA	NA	NA	NA	Non complement	Non complement	7556078	Non complement	NA	
YBR198C	ENSP00000358854	ENSP00000358854	51026@H05	6877	Non complement	NA	Non complement	NA	NA	NA	NA	Non complement	NA	NA	Non complement	NA	
YBR202W	ENSP00000307288	ENSP00000307288	11035@C08	4176	Non complement	NA	Non complement	NA	Non complement	NA	NA	Non complement	NA	NA	Non complement	NA	
YBR236C	ENSP00000372804	ENSP00000466111	71017@C01	8731	NA	NA	Non complement	NA	Non complement	NA	NA	Non complement	NA	NA	Non complement	NA	
YBR237W	ENSP00000346236	ENSP00000416534	11079@E08	9879	NA	NA	Non complement	NA	NA	NA	NA	Non complement	NA	NA	Non complement	NA	
YCL004W	ENSP00000262764	ENSP00000262764	31017@B03	9489	NA	NA	NA	NA	Non complement	NA	NA	Non complement	NA	NA	Non complement	NA	
YCL054W	ENSP00000337518	ENSP00000396673	11013@E02	117246	Non complement	NA	NA	NA	NA	NA	NA	Non complement	NA	NA	Non complement	NA	
YCR057C	ENSP00000291576	ENSP00000291576	11079@D06	5822	NA	NA	NA	NA	Non complement	NA	NA	Non complement	NA	NA	Non complement	NA	
YDL008W	ENSP00000383552	ENSP00000458515	71004@H09	51529	NA	NA	NA	NA	Non complement	NA	NA	Non complement	NA	NA	Non complement	NA	
YDL017W	ENSP00000234626	ENSP00000234626	51021@E06	8317	NA	NA	Non complement	NA	Non complement	NA	NA	Non complement	Non complement	22384342	Non complement	NA	
YDL030W	ENSP00000362110	ENSP00000362110	11012@H01	10946	NA	NA	Non complement	NA	Non complement	NA	NA	Non complement	NA	NA	Non complement	NA	
YDL031W	ENSP00000304072	ENSP00000323858	11029@H03	79039	Non complement	NA	NA	NA	Non complement	NA	NA	Non complement	NA	NA	Non complement	NA	
YDL055C	ENSP00000309092	ENSP00000309092	11034@C02	29925	Non complement	Toxic	NA	NA	Non complement	NA	NA	Non complement	Non complement	12559573	Non complement	Toxic	
YDL098C	ENSP00000274712	ENSP00000274712	31022@F10	153527	NA	NA	NA	NA	Non complement	NA	NA	Non complement	NA	NA	Non complement	NA	
YDL102W	ENSP00000375693	ENSP00000472445	11080@D07	5424	NA	NA	Non complement	NA	Non complement	NA	NA	Non complement	NA	NA	Non complement	NA	
YDL105W	ENSP00000358019	ENSP00000358019	11053@G07	54780	NA	NA	Non complement	NA	Non complement	NA	NA	Non complement	NA	NA	Non complement	NA	
YDL108W	ENSP00000256443	ENSP00000256443	11056@F09	1022	NA	NA	Non complement	NA	NA	NA	NA	Non complement	NA	NA	Non complement	NA	
YDL140C	ENSP00000314949	ENSP00000314949	31038@E05	5430	Non complement	NA	Non complement	NA	Non complement	NA	NA	Non complement	NA	NA	Non complement	NA	
YDL143W	ENSP00000377958	ENSP00000377958	51012@H11	10575	Non complement	NA	Non complement	Toxic	Non complement	NA	NA	Non complement	NA	NA	Non complement	Toxic	
YDL148C	ENSP00000315674	ENSP00000405068	31017@D06	8602	NA	NA	NA	NA	Non complement	NA	NA	Non complement	NA	NA	Non complement	NA	
YDL153C	ENSP00000254803	ENSP00000254803	11076@D03	57050	NA	NA	NA	NA	Non complement	NA	NA	Non complement	NA	NA	Non complement	NA	
YDL193W	ENSP00000357480	ENSP00000357480	11051@C07	116150	NA	NA	NA	NA	Non complement	NA	NA	Non complement	NA	NA	Non complement	NA	
YDL207W	ENSP00000308622	ENSP00000308622	11039@H03	2733	NA	NA	NA	NA	Non complement	Toxic	NA	Non complement	NA	NA	Non complement	Toxic	
YDR013W	ENSP00000262460	ENSP00000262460	71012@G06	9837	NA	NA	Non complement	NA	Non complement	NA	NA	Non complement	NA	NA	Non complement	NA	
YDR047W	ENSP00000246337	ENSP00000246337	11034@E10	7389	Non complement	NA	NA	NA	Non complement	NA	NA	Non complement	NA	NA	Non complement	NA	
YDR091C	ENSP00000296577	ENSP00000296577	31040@A02	6059	Non complement	NA	NA	NA	Non complement	NA	NA	Non complement	NA	NA	Non complement	NA	
YDR180W	ENSP00000282516	ENSP00000282516	11028@C01	25836	NA	NA	Non complement	NA	Non complement	NA	NA	Non complement	NA	NA	Non complement	NA	
YDR182W	ENSP00000339423	ENSP00000465894	11055@F04	65258	NA	NA	Non complement	NA	Non complement	NA	NA	Non complement	NA	NA	Non complement	NA	
YDR189W	ENSP00000379872	ENSP00000390783	11088@D11	23256	Non complement	NA	Non complement	NA	Non complement	NA	NA	Non complement	NA	NA	Non complement	NA	
YDR190C	ENSP00000318297	ENSP00000318297	11011@H06	8607	NA	Toxic	NA	NA	Non complement	NA	NA	Non complement	NA	NA	Non complement	Toxic	
YDR235W	ENSP00000348010	ENSP00000348010	51021@H11	55015	NA	NA	NA	NA	Non complement	NA	NA	Non complement	NA	NA	Non complement	NA	
YDR238C	ENSP00000249923	ENSP00000249923	11025@E10	1315	Non complement	NA	Non complement	NA	NA	NA	NA	Non complement	NA	NA	Non complement	NA	
YDR243C	ENSP00000310723	ENSP00000310723	31039@C03	9416	NA	NA	NA	NA	Non complement	NA	NA	Non complement	NA	NA	Non complement	NA	
YDR246W	ENSP00000351896	ENSP00000466692	11004@B06	51399	NA	NA	NA	NA	Non complement	NA	NA	Non complement	NA	NA	Non complement	NA	
YDR299W	ENSP00000225402	ENSP00000225402	11023@B12	26574	Non complement	NA	NA	NA	Non complement	NA	NA	Non complement	NA	NA	Non complement	NA	
YDR325W	ENSP00000251496	ENSP00000251496	11011@B09	64151	NA	NA	Non complement	NA	Non complement	NA	NA	Non complement	NA	NA	Non complement	NA	
YDR328C	ENSP00000231487	ENSP00000231487	11018@C04	6500	NA	NA	NA	NA	Non complement	Toxic	Non complement	Non complement	NA	NA	Non complement	Toxic	
YDR331W	ENSP00000359848	ENSP00000359848	31021@H02	10026	NA	NA	Non complement	NA	Non complement	NA	NA	Non complement	Non complement	12410831	Non complement	NA	
YDR361C	ENSP00000357748	ENSP00000357748	11032@A08	56647	Non complement	Toxic	Non complement	Toxic	Non complement	NA	Non complement	Non complement	NA	NA	Non complement	Toxic	
YDR390C	ENSP00000246548	ENSP00000246548	11023@G02	10054	NA	NA	NA	NA	Non complement	NA	Non complement	Non complement	NA	NA	Non complement	NA	
YDR434W	ENSP00000309430	ENSP00000309430	31034@D12	94005	NA	NA	NA	NA	Non complement	NA	NA	Non complement	NA	NA	Non complement	NA	
YDR437W	ENSP00000333293	ENSP00000420037	11017@D04	51227	NA	NA	NA	NA	Non complement	NA	NA	Non complement	NA	NA	Non complement	NA	
YDR449C	ENSP00000261708	ENSP00000261708	11070@C05	55813	Non complement	Toxic	NA	NA	Non complement	NA	NA	Non complement	NA	NA	Non complement	Toxic	
YDR472W	ENSP00000316990	ENSP00000470262	31022@B10	126003	NA	NA	NA	NA	Non complement	NA	NA	Non complement	NA	NA	Non complement	NA	
YDR473C	ENSP00000315379	ENSP00000463536	11024@A06	9129	NA	NA	NA	NA	Non complement	NA	NA	Non complement	NA	NA	Non complement	NA	
YDR489W	ENSP00000276533	ENSP00000428754	11004@D02	84296	NA	NA	NA	NA	Non complement	NA	NA	Non complement	NA	NA	Non complement	NA	
YEL032W	ENSP00000229854	ENSP00000472940	11078@G08	4172	NA	Toxic	Non complement	Toxic	NA	NA	NA	Non complement	NA	NA	Non complement	Toxic	
YER003C	ENSP00000318318	ENSP00000318318	11022@A01	4351	NA	NA	NA	NA	Non complement	NA	NA	Non complement	NA	NA	Non complement	NA	
YER013W	ENSP00000262415	ENSP00000262415	31004@E04	1659	Non complement	Toxic	Non complement	NA	Non complement	NA	NA	Non complement	Non complement	7935475	Non complement	Toxic	
YER021W	ENSP00000264639	ENSP00000264639	11068@E05	5709	NA	NA	NA	NA	Non complement	NA	Non complement	Non complement	Non complement	9017604	Non complement	NA	
YER043C	ENSP00000217426	ENSP00000217426	11062@F02	191	Non complement	NA	NA	NA	Non complement	NA	NA	Non complement	NA	NA	Non complement	NA	
YER093C	ENSP00000349959	ENSP00000296782	11006@A12	253260	NA	NA	Non complement	NA	Non complement	NA	NA	Non complement	NA	NA	Non complement	NA	
YER126C	ENSP00000296802	ENSP00000296802	11048@F06	10412	NA	NA	NA	NA	Non complement	NA	NA	Non complement	NA	NA	Non complement	NA	
YFL002C	ENSP00000238146	ENSP00000238146	11077@E06	57696	NA	NA	NA	NA	Non complement	NA	NA	Non complement	NA	NA	Non complement	NA	
YFL022C	ENSP00000320309	ENSP00000468051	11076@H05	2193	NA	NA	NA	NA	Non complement	NA	NA	Non complement	NA	NA	Non complement	NA	
YFR005C	ENSP00000312981	ENSP00000386864	31030@C06	10713	Non complement	NA	Non complement	NA	Non complement	NA	NA	Non complement	NA	NA	Non complement	NA	
YFR050C	ENSP00000290541	ENSP00000290541	11006@A05	5692	Non complement	NA	NA	NA	Non complement	NA	Non complement	Non complement	NA	NA	Non complement	NA	
YFR052W	ENSP00000215071	ENSP00000215071	11030@F10	5714	NA	NA	Non complement	NA	Non complement	NA	NA	Non complement	Non complement	7621825	Non complement	NA	
YGL065C	ENSP00000238477	ENSP00000417764	31021@F04	85365	NA	NA	NA	NA	Non complement	NA	NA	Non complement	NA	NA	Non complement	NA	
YGL091C	ENSP00000283027	ENSP00000283027	51015@H04	4682	NA	NA	NA	NA	Non complement	NA	NA	Non complement	NA	NA	Non complement	NA	
YGL098W	ENSP00000263897	ENSP00000263897	11005@H01	55850	NA	NA	Non complement	NA	Non complement	NA	NA	Non complement	NA	NA	Non complement	NA	
YGL111W	ENSP00000278856	ENSP00000435726	11058@C01	54663	NA	NA	NA	NA	Non complement	NA	NA	Non complement	NA	NA	Non complement	NA	
YGL122C	ENSP00000251038	ENSP00000251038	11085@C07	79882	NA	NA	NA	NA	Non complement	NA	NA	Non complement	NA	NA	Non complement	NA	
YGL150C	ENSP00000355205	ENSP00000355205	71030@E02	54617	NA	NA	NA	NA	Non complement	NA	NA	Non complement	NA	NA	Non complement	NA	
YGL171W	ENSP00000268854	ENSP00000268854	31021@H11	11056	NA	NA	NA	NA	Non complement	NA	NA	Non complement	NA	NA	Non complement	NA	
YGL201C	ENSP00000264156	ENSP00000264156	11024@H06	4175	NA	NA	NA	NA	Non complement	NA	NA	Non complement	NA	NA	Non complement	NA	
YGL238W	ENSP00000262982	ENSP00000262982	51023@B05	1434	Non complement	NA	NA	NA	Non complement	NA	NA	Non complement	NA	NA	Non complement	NA	
YGR005C	ENSP00000351886	ENSP00000340823	11020@G03	2963	NA	NA	NA	NA	Non complement	NA	NA	Non complement	NA	NA	Non complement	NA	
YGR029W	ENSP00000248114	ENSP00000248114	31015@F02	2671	NA	NA	NA	NA	Non complement	NA	NA	Non complement	Non complement	8575761	Non complement	NA	
YGR046W	ENSP00000273037	ENSP00000273037	11032@B06	132001	NA	NA	NA	NA	Non complement	NA	NA	Non complement	NA	NA	Non complement	NA	
YGR047C	ENSP00000263956	ENSP00000263956	71027@H06	9330	NA	NA	NA	NA	Non complement	NA	NA	Non complement	NA	NA	Non complement	NA	
YGR091W	ENSP00000324122	ENSP00000476631	51013@G08	26121	Non complement	NA	NA	Toxic	Non complement	NA	NA	Non complement	NA	NA	Non complement	Toxic	
YGR095C	ENSP00000221233	ENSP00000221233	11020@C12	56915	Non complement	NA	NA	NA	Non complement	NA	NA	Non complement	NA	NA	Non complement	NA	
YGR103W	ENSP00000334612	ENSP00000346725	11070@A08	23481	NA	NA	NA	NA	Non complement	NA	NA	Non complement	NA	NA	Non complement	NA	
YGR145W	ENSP00000371101	ENSP00000371101	11024@B01	79954	NA	NA	NA	NA	Non complement	NA	NA	Non complement	NA	NA	Non complement	NA	
YGR246C	ENSP00000329029	ENSP00000448323	11045@G02	2972	NA	NA	Non complement	NA	Non complement	NA	NA	Non complement	NA	NA	Non complement	NA	
YGR278W	ENSP00000387006	ENSP00000387006	71027@C09	57703	NA	NA	NA	NA	Non complement	NA	NA	Non complement	NA	NA	Non complement	NA	
YHR024C	ENSP00000360782	ENSP00000360782	51013@A02	23203	NA	NA	Non complement	NA	NA	Toxic	NA	Non complement	NA	NA	Non complement	Toxic	
YHR058C	ENSP00000256379	ENSP00000413343	31041@G11	10001	NA	NA	Non complement	NA	Non complement	Toxic	NA	Non complement	NA	NA	Non complement	Toxic	
YHR062C	ENSP00000277882	ENSP00000389182	31042@D07	10556	Non complement	NA	NA	NA	NA	Toxic	NA	Non complement	NA	NA	Non complement	Toxic	
YHR122W	ENSP00000299761	ENSP00000387471	11018@C02	51647	NA	NA	NA	NA	Non complement	NA	NA	Non complement	NA	NA	Non complement	NA	
YHR148W	ENSP00000326981	ENSP00000326981	11083@G11	55272	NA	NA	NA	NA	Non complement	NA	NA	Non complement	NA	NA	Non complement	NA	
YHR166C	ENSP00000378350	ENSP00000378350	11088@H06	8697	Non complement	Toxic	Non complement	NA	Non complement	NA	NA	Non complement	NA	NA	Non complement	Toxic	
YHR186C	ENSP00000307272	ENSP00000307272	31024@E01	57521	NA	NA	Non complement	NA	Non complement	NA	NA	Non complement	NA	NA	Non complement	NA	
YHR188C	ENSP00000279036	ENSP00000279036	71019@B07	51604	NA	NA	NA	NA	Non complement	NA	NA	Non complement	NA	NA	Non complement	NA	
YHR190W	ENSP00000220584	ENSP00000220584	11061@E11	2222	NA	NA	NA	NA	Non complement	NA	NA	Non complement	NA	NA	Non complement	NA	
YIL003W	ENSP00000262302	ENSP00000262302	11006@C05	10101	Non complement	NA	NA	NA	Non complement	NA	NA	Non complement	NA	NA	Non complement	NA	
YIL021W	ENSP00000219252	ENSP00000219252	11021@D03	5432	NA	NA	Non complement	NA	NA	Toxic	NA	Non complement	NA	NA	Non complement	Toxic	
YIL022W	ENSP00000270538	ENSP00000270538	11063@G08	10469	NA	NA	NA	NA	Non complement	NA	NA	Non complement	NA	NA	Non complement	NA	
YIL031W	ENSP00000359031	ENSP00000402527	71021@E06	26054	NA	NA	NA	NA	Non complement	NA	NA	Non complement	NA	NA	Non complement	NA	
YIL046W	ENSP00000281708	ENSP00000281708	51007@E03	55294	NA	NA	Non complement	NA	NA	NA	NA	Non complement	NA	NA	Non complement	NA	
YIL061C	ENSP00000221448	ENSP00000472998	71015@G08	6625	NA	NA	NA	NA	Non complement	NA	NA	Non complement	Non complement	1714384	Non complement	NA	
YIL091C	ENSP00000355987	ENSP00000419005	11024@E08	27042	NA	NA	NA	NA	Non complement	Toxic	NA	Non complement	NA	NA	Non complement	Toxic	
YIL143C	ENSP00000285398	ENSP00000285398	11080@E02	2071	NA	NA	Non complement	NA	Non complement	NA	NA	Non complement	NA	NA	Non complement	NA	
YIR008C	ENSP00000350491	ENSP00000350491	11010@F05	5557	NA	Toxic	Non complement	NA	NA	Toxic	NA	Non complement	NA	NA	Non complement	Toxic	
YJL008C	ENSP00000286788	ENSP00000286788	31034@C12	10694	NA	NA	NA	NA	Non complement	NA	NA	Non complement	NA	NA	Non complement	NA	
YJL010C	ENSP00000267425	ENSP00000267425	71018@G08	161424	NA	NA	NA	NA	Non complement	NA	NA	Non complement	NA	NA	Non complement	NA	
YJL014W	ENSP00000357244	ENSP00000295688	11038@E02	7203	NA	NA	NA	NA	Non complement	NA	NA	Non complement	NA	NA	Non complement	NA	
YJL072C	ENSP00000253462	ENSP00000253462	11028@E05	51659	NA	NA	NA	NA	Non complement	NA	Non complement	Non complement	NA	NA	Non complement	NA	
YJL109C	ENSP00000355541	ENSP00000355541	11056@H10	55127	NA	NA	NA	NA	Non complement	NA	NA	Non complement	NA	NA	Non complement	NA	
YJL125C	ENSP00000299201	ENSP00000374399	11051@A02	115708	NA	NA	Non complement	NA	Non complement	NA	NA	Non complement	Non complement	16043508	Non complement	NA	
YJL167W	ENSP00000349078	ENSP00000357340	11036@B09	2224	NA	NA	NA	NA	Non complement	NA	NA	Non complement	Non complement	21991399	Non complement	NA	
YJR002W	ENSP00000244230	ENSP00000244230	51007@G02	10199	Non complement	NA	NA	NA	Non complement	NA	NA	Non complement	NA	NA	Non complement	NA	
YJR013W	ENSP00000357069	ENSP00000357069	11062@A05	93183	NA	NA	NA	NA	Non complement	NA	NA	Non complement	Non complement	17519279	Non complement	NA	
YJR064W	ENSP00000280326	ENSP00000280326	11038@D11	22948	NA	NA	NA	NA	Non complement	NA	NA	Non complement	NA	NA	Non complement	NA	
YJR068W	ENSP00000296273	ENSP00000296273	11058@A05	5984	NA	NA	Non complement	NA	Non complement	NA	NA	Non complement	NA	NA	Non complement	NA	
YJR072C	ENSP00000264718	ENSP00000264718	11058@H02	11321	Non complement	NA	NA	NA	Non complement	NA	NA	Non complement	NA	NA	Non complement	NA	
YJR141W	ENSP00000237186	ENSP00000358762	71014@E06	90025	NA	NA	NA	NA	Non complement	NA	NA	Non complement	NA	NA	Non complement	NA	
YKL018W	ENSP00000296490	ENSP00000296490	31015@H03	80335	Non complement	NA	NA	NA	Non complement	NA	NA	Non complement	NA	NA	Non complement	NA	
YKL019W	ENSP00000303423	ENSP00000303423	11046@A08	2339	NA	NA	NA	NA	Non complement	NA	NA	Non complement	NA	NA	Non complement	NA	
YKL022C	ENSP00000348554	ENSP00000348554	31006@B10	8881	NA	NA	Non complement	NA	Non complement	NA	NA	Non complement	NA	NA	Non complement	NA	
YKL045W	ENSP00000374139	ENSP00000475738	31036@A10	5558	NA	NA	NA	NA	Non complement	NA	NA	Non complement	NA	NA	Non complement	NA	
YKL082C	ENSP00000361092	ENSP00000361092	11034@C08	6838	Non complement	NA	NA	NA	Non complement	NA	NA	Non complement	NA	NA	Non complement	NA	
YKL095W	ENSP00000262962	ENSP00000262962	11021@G11	55702	NA	NA	NA	NA	Non complement	NA	NA	Non complement	NA	NA	Non complement	NA	
YKL099C	ENSP00000362105	ENSP00000362105	11048@A11	51118	NA	NA	NA	NA	Non complement	NA	NA	Non complement	NA	NA	Non complement	NA	
YKL125W	ENSP00000198767	ENSP00000198767	51006@E12	54700	NA	NA	Non complement	NA	Non complement	NA	NA	Non complement	NA	NA	Non complement	NA	
YKL154W	ENSP00000273406	ENSP00000418401	31012@F12	58477	NA	NA	NA	NA	Non complement	NA	NA	Non complement	NA	NA	Non complement	NA	
YKL165C	ENSP00000350263	ENSP00000350263	11080@E05	23556	NA	NA	Non complement	NA	Non complement	NA	NA	Non complement	NA	NA	Non complement	NA	
YKL192C	ENSP00000007516	ENSP00000007516	71003@E04	4706	NA	NA	NA	NA	Non complement	NA	NA	Non complement	NA	NA	Non complement	NA	
YKR062W	ENSP00000348168	ENSP00000348168	31016@H02	2961	NA	NA	Non complement	NA	Non complement	NA	NA	Non complement	NA	NA	Non complement	NA	
YKR063C	ENSP00000363944	ENSP00000363944	11014@C07	81887	NA	Toxic	NA	NA	Non complement	NA	Non complement	Non complement	NA	NA	Non complement	Toxic	
YKR086W	ENSP00000268482	ENSP00000268482	11080@C10	9785	Non complement	NA	Non complement	Toxic	Non complement	NA	NA	Non complement	NA	NA	Non complement	Toxic	
YLL011W	ENSP00000297579	ENSP00000297579	11063@D09	25879	NA	NA	NA	NA	Non complement	NA	NA	Non complement	NA	NA	Non complement	NA	
YLL018C	ENSP00000264161	ENSP00000264161	11022@H03	1615	NA	NA	NA	NA	Non complement	NA	NA	Non complement	NA	NA	Non complement	NA	
YLL034C	ENSP00000281701	ENSP00000281701	11039@E01	4931	NA	NA	NA	NA	Non complement	NA	NA	Non complement	NA	NA	Non complement	NA	
YLL036C	ENSP00000227524	ENSP00000227524	11076@D05	27339	Non complement	NA	NA	Toxic	Non complement	NA	NA	Non complement	NA	NA	Non complement	Toxic	
YLR009W	ENSP00000260443	ENSP00000260443	11018@C06	51187	Non complement	NA	NA	NA	Non complement	NA	NA	Non complement	NA	NA	Non complement	NA	
YLR060W	ENSP00000281828	ENSP00000281828	31021@E11	10056	Non complement	NA	NA	NA	Non complement	NA	NA	Non complement	NA	NA	Non complement	NA	
YLR066W	ENSP00000264597	ENSP00000427463	31008@E02	60559	NA	NA	NA	NA	Non complement	NA	NA	Non complement	NA	NA	Non complement	NA	
YLR103C	ENSP00000385240	ENSP00000405726	11069@E08	8318	NA	NA	Non complement	NA	Non complement	NA	NA	Non complement	NA	NA	Non complement	NA	
YLR105C	ENSP00000385976	ENSP00000284995	11037@D06	80746	NA	NA	Non complement	NA	Non complement	NA	NA	Non complement	NA	NA	Non complement	NA	
YLR115W	ENSP00000298875	ENSP00000298875	71026@B02	53981	NA	NA	Non complement	NA	Non complement	NA	NA	Non complement	NA	NA	Non complement	NA	
YLR116W	ENSP00000366604	ENSP00000366604	11013@C09	7536	NA	NA	Non complement	Toxic	Non complement	NA	Non complement	Non complement	NA	NA	Non complement	Toxic	
YLR127C	ENSP00000314004	ENSP00000314004	11024@H08	29882	NA	NA	Non complement	NA	Non complement	NA	NA	Non complement	NA	NA	Non complement	NA	
YLR129W	ENSP00000308179	ENSP00000308179	31021@B12	10885	NA	NA	NA	NA	Non complement	NA	NA	Non complement	NA	NA	Non complement	NA	
YLR166C	ENSP00000342100	ENSP00000389934	31007@H04	10640	Non complement	Toxic	Non complement	NA	Non complement	NA	NA	Non complement	NA	NA	Non complement	Toxic	
YLR175W	ENSP00000377168	ENSP00000472996	11038@B09	1736	Non complement	NA	NA	NA	Non complement	NA	NA	Non complement	NA	NA	Non complement	NA	
YLR196W	ENSP00000258531	ENSP00000387365	11022@H02	11137	NA	NA	NA	NA	Non complement	NA	NA	Non complement	NA	NA	Non complement	NA	
YLR197W	ENSP00000370589	ENSP00000370589	11074@H05	10528	NA	NA	NA	NA	Non complement	Toxic	NA	Non complement	NA	NA	Non complement	Toxic	
YLR274W	ENSP00000216122	ENSP00000216122	11072@A12	4174	NA	NA	Non complement	NA	NA	NA	NA	Non complement	NA	NA	Non complement	NA	
YLR409C	ENSP00000319771	ENSP00000423067	71030@C10	134430	NA	NA	NA	NA	Non complement	NA	NA	Non complement	NA	NA	Non complement	NA	
YLR424W	ENSP00000384421	ENSP00000384421	31041@D08	24144	NA	NA	NA	NA	Non complement	NA	NA	Non complement	NA	NA	Non complement	NA	
YML010W	ENSP00000384505	ENSP00000470252	31037@G03	6829	NA	NA	Non complement	NA	NA	Toxic	NA	Non complement	NA	NA	Non complement	Toxic	
YML025C	ENSP00000253099	ENSP00000253099	11007@C06	51073	NA	NA	NA	NA	Non complement	NA	Non complement	Non complement	NA	NA	Non complement	NA	
YML049C	ENSP00000305790	ENSP00000305790	11035@F07	23450	NA	NA	Non complement	NA	Non complement	NA	NA	Non complement	NA	NA	Non complement	NA	
YMR061W	ENSP00000315791	ENSP00000315791	11040@H08	1479	NA	NA	NA	NA	Non complement	NA	NA	Non complement	NA	NA	Non complement	NA	
YMR128W	ENSP00000311135	ENSP00000311135	11081@F01	57647	NA	NA	NA	NA	Non complement	NA	NA	Non complement	NA	NA	Non complement	NA	
YMR131C	ENSP00000253237	ENSP00000253237	11011@E12	83743	NA	NA	NA	NA	Non complement	NA	NA	Non complement	NA	NA	Non complement	NA	
YMR146C	ENSP00000362688	ENSP00000362688	11054@H01	8668	Non complement	NA	NA	NA	Non complement	NA	NA	Non complement	NA	NA	Non complement	NA	
YMR218C	ENSP00000291574	ENSP00000291574	31033@A01	7109	NA	NA	NA	NA	Non complement	NA	NA	Non complement	NA	NA	Non complement	NA	
YMR290C	ENSP00000263239	ENSP00000263239	71020@H06	8886	NA	NA	NA	NA	Non complement	NA	NA	Non complement	NA	NA	Non complement	NA	
YNL026W	ENSP00000379505	ENSP00000345445	11012@C07	25813	Non complement	NA	NA	NA	Non complement	NA	Non complement	Non complement	NA	NA	Non complement	NA	
YNL062C	ENSP00000203001	ENSP00000203001	11087@B04	51605	Non complement	Toxic	Non complement	NA	Non complement	NA	NA	Non complement	NA	NA	Non complement	Toxic	
YNL075W	ENSP00000259239	ENSP00000259239	31042@F08	92856	NA	NA	Non complement	NA	Non complement	NA	NA	Non complement	NA	NA	Non complement	NA	
YNL110C	ENSP00000285814	ENSP00000285814	11006@G09	84365	Non complement	NA	NA	NA	Non complement	NA	NA	Non complement	NA	NA	Non complement	NA	
YNL178W	ENSP00000278572	ENSP00000278572	11047@D05	6188	NA	NA	NA	NA	Non complement	NA	NA	Non complement	NA	NA	Non complement	NA	
YNL221C	ENSP00000385787	ENSP00000385787	11079@B08	10940	NA	Toxic	NA	NA	Non complement	NA	NA	Non complement	NA	NA	Non complement	Toxic	
YNL260C	ENSP00000279147	ENSP00000446428	71012@F03	220064	NA	NA	NA	NA	Non complement	NA	NA	Non complement	NA	NA	Non complement	NA	
YNL261W	ENSP00000297431	ENSP00000297431	31017@B02	5001	NA	NA	Non complement	NA	Non complement	NA	NA	Non complement	NA	NA	Non complement	NA	
YNL262W	ENSP00000322570	ENSP00000322570	31016@H08	5426	NA	NA	Non complement	NA	Non complement	NA	NA	Non complement	NA	NA	Non complement	NA	
YNL313C	ENSP00000313953	ENSP00000313953	31030@H10	55622	NA	NA	NA	NA	Non complement	NA	NA	Non complement	NA	NA	Non complement	NA	
YNR054C	ENSP00000274849	ENSP00000468826	31005@E05	29777	NA	NA	NA	NA	Non complement	NA	NA	Non complement	NA	NA	Non complement	NA	
YOL010W	ENSP00000371169	ENSP00000371169	11034@G03	10171	NA	NA	NA	NA	Non complement	NA	NA	Non complement	NA	NA	Non complement	NA	
YOL102C	ENSP00000314073	ENSP00000378050	11075@H07	83707	Non complement	NA	NA	NA	Non complement	NA	NA	Non complement	NA	NA	Non complement	NA	
YOL135C	ENSP00000286317	ENSP00000286317	11020@C01	9443	NA	NA	Non complement	NA	Non complement	NA	Non complement	Non complement	NA	NA	Non complement	NA	
YOL146W	ENSP00000318196	ENSP00000401018	11046@A11	64785	NA	NA	NA	NA	Non complement	NA	NA	Non complement	NA	NA	Non complement	NA	
YOR004W	ENSP00000308332	ENSP00000308332	11047@G09	84294	NA	NA	NA	NA	Non complement	Toxic	NA	Non complement	NA	NA	Non complement	Toxic	
YOR048C	ENSP00000366396	ENSP00000366396	11069@D05	22803	NA	Toxic	Non complement	NA	Non complement	NA	NA	Non complement	NA	NA	Non complement	Toxic	
YOR056C	ENSP00000268802	ENSP00000268802	31014@H01	28987	NA	NA	NA	NA	Non complement	NA	NA	Non complement	NA	NA	Non complement	NA	
YOR103C	ENSP00000250498	ENSP00000250498	11082@E07	1603	NA	NA	NA	NA	Non complement	NA	NA	Non complement	NA	NA	Non complement	NA	
YOR119C	ENSP00000264874	ENSP00000369162	11038@E12	83732	NA	NA	NA	NA	Non complement	NA	NA	Non complement	NA	NA	Non complement	NA	
YOR194C	ENSP00000298173	ENSP00000452454	51014@H10	2957	Non complement	NA	NA	NA	NA	Toxic	NA	Non complement	NA	NA	Non complement	Toxic	
YOR206W	ENSP00000317992	ENSP00000317992	11072@C08	26155	NA	NA	NA	NA	Non complement	NA	NA	Non complement	NA	NA	Non complement	NA	
YOR217W	ENSP00000371321	ENSP00000371321	31028@G03	5981	NA	NA	NA	NA	Non complement	NA	NA	Non complement	NA	NA	Non complement	NA	
YOR250C	ENSP00000304704	ENSP00000433406	31041@F09	10978	NA	NA	NA	NA	Non complement	Toxic	NA	Non complement	NA	NA	Non complement	Toxic	
YOR254C	ENSP00000357998	ENSP00000357998	31011@H01	11231	Non complement	NA	NA	NA	Non complement	NA	NA	Non complement	NA	NA	Non complement	NA	
YOR257W	ENSP00000283122	ENSP00000428259	11043@F05	1070	NA	NA	NA	NA	Non complement	Toxic	NA	Non complement	NA	NA	Non complement	Toxic	
YOR260W	ENSP00000353575	ENSP00000353575	11022@C12	8891	NA	NA	NA	Toxic	Non complement	NA	NA	Non complement	NA	NA	Non complement	Toxic	
YOR262W	ENSP00000363250	ENSP00000363250	11007@C04	54707	NA	NA	NA	NA	Non complement	NA	NA	Non complement	NA	NA	Non complement	NA	
YOR287C	ENSP00000244496	ENSP00000244496	71007@A02	88745	NA	NA	NA	NA	Non complement	NA	NA	Non complement	NA	NA	Non complement	NA	
YOR310C	ENSP00000264279	ENSP00000264279	11068@C02	51602	NA	NA	NA	NA	Non complement	NA	NA	Non complement	NA	NA	Non complement	NA	
YPL012W	ENSP00000360031	ENSP00000360031	11080@F11	23223	Non complement	NA	NA	NA	NA	NA	NA	Non complement	NA	NA	Non complement	NA	
YPL020C	ENSP00000327197	ENSP00000327197	11078@B05	205564	NA	NA	Non complement	NA	Non complement	NA	NA	Non complement	NA	NA	Non complement	NA	
YPL063W	ENSP00000318115	ENSP00000318115	51020@D07	92609	Non complement	NA	NA	NA	Non complement	NA	NA	Non complement	NA	NA	Non complement	NA	
YPL082C	ENSP00000265990	ENSP00000265990	51024@G09	9044	NA	NA	Non complement	NA	NA	NA	NA	Non complement	NA	NA	Non complement	NA	
YPL083C	ENSP00000327487	ENSP00000327487	31010@H05	283989	NA	NA	NA	NA	Non complement	NA	NA	Non complement	NA	NA	Non complement	NA	
YPL151C	ENSP00000377483	ENSP00000424417	31021@C09	5356	Non complement	NA	NA	NA	Non complement	NA	NA	Non complement	NA	NA	Non complement	NA	
YPL217C	ENSP00000363642	ENSP00000363642	71031@H05	9790	NA	NA	Non complement	NA	Non complement	NA	NA	Non complement	NA	NA	Non complement	NA	
YPL235W	ENSP00000221413	ENSP00000473172	11012@B01	10856	Non complement	Toxic	NA	NA	Non complement	Toxic	Non complement	Non complement	NA	NA	Non complement	Toxic	
YPL243W	ENSP00000312066	ENSP00000312066	71019@E10	6730	NA	NA	NA	NA	Non complement	NA	NA	Non complement	NA	NA	Non complement	NA	
YPR048W	ENSP00000360576	ENSP00000360576	31041@G06	27158	NA	NA	NA	NA	Non complement	NA	NA	Non complement	NA	NA	Non complement	NA	
YPR056W	ENSP00000228955	ENSP00000445162	31013@G04	2967	NA	NA	NA	NA	Non complement	NA	NA	Non complement	NA	NA	Non complement	NA	
YPR086W	ENSP00000359531	ENSP00000359531	31020@D07	2959	NA	NA	Non complement	NA	Non complement	NA	NA	Non complement	Non complement	15024075	Non complement	NA	
YPR094W	ENSP00000216252	ENSP00000216252	11041@B08	84844	NA	NA	Non complement	NA	NA	Toxic	NA	Non complement	NA	NA	Non complement	Toxic	
YPR105C	ENSP00000315775	ENSP00000315775	11013@B11	25839	Non complement	NA	NA	NA	Non complement	NA	Non complement	Non complement	NA	NA	Non complement	NA	
YPR110C	ENSP00000361465	ENSP00000361465	11008@A03	9533	NA	NA	Non complement	Toxic	Non complement	NA	NA	Non complement	NA	NA	Non complement	Toxic	
YPR112C	ENSP00000261741	ENSP00000442053	11025@F02	9904	NA	NA	NA	NA	Non complement	NA	NA	Non complement	NA	NA	Non complement	NA	
YPR144C	ENSP00000328854	ENSP00000328854	11022@H07	79050	Non complement	NA	NA	NA	Non complement	NA	NA	Non complement	NA	NA	Non complement	NA	
YPR162C	ENSP00000264169	ENSP00000376597	11020@G01	5000	NA	NA	NA	NA	Non complement	NA	NA	Non complement	NA	NA	Non complement	NA	
YPR168W	ENSP00000255764	ENSP00000255764	71002@B09	84246	NA	NA	Non complement	NA	Non complement	NA	NA	Non complement	NA	NA	Non complement	NA	
YPR175W	ENSP00000216367	ENSP00000216367	51006@F05	5427	NA	NA	Non complement	Toxic	Non complement	NA	NA	Non complement	NA	NA	Non complement	Toxic	
YPR178W	ENSP00000363313	ENSP00000363313	11013@A12	9128	Non complement	NA	Non complement	NA	Non complement	NA	NA	Non complement	NA	NA	Non complement	NA	
YPR180W	ENSP00000270225	ENSP00000270225	11008@A02	10055	NA	NA	NA	NA	Non complement	NA	NA	Non complement	NA	NA	Non complement	NA	
YPR190C	ENSP00000334564	ENSP00000464345	11013@B12	10623	NA	NA	NA	NA	Non complement	NA	NA	Non complement	NA	NA	Non complement	NA	
YDR376W	ENSP00000293195	ENSP00000416515	11037@G04	2232	NA	NA	NA	NA	Non complement	NA	NA	Non complement	NA	NA	Non complement	NA	
YNL182C	ENSP00000251289	ENSP00000251289	11036@F04	57418	Non complement	NA	NA	NA	Non complement	NA	NA	Non complement	NA	NA	Non complement	NA	
YDR339C	ENSP00000344393	ENSP00000344393	31033@G08	51077	Non complement	NA	NA	NA	NA	NA	NA	Non complement	NA	NA	Non complement	NA	
